filename,source,suggested_label,min_centroid_distance_norm,final_label,flagged_for_review
0a626fcd5a092225d7d599bf606962cd_jpg.rf.3799e33cbcd07c557ae23e1e4c9c7f11.jpg,cooccurrence,safe,0.2472,unsafe,false
0a626fcd5a092225d7d599bf606962cd_jpg.rf.b93c0bb2a2266be6792f5d8637b35df8.jpg,cooccurrence,safe,0.2472,unsafe,false
0a626fcd5a092225d7d599bf606962cd_jpg.rf.df86cc2aa9dca60e577ca2d42d196f55.jpg,cooccurrence,safe,0.2472,unsafe,false
617cN0VhTaL__SL1500__jpg.rf.1ee5d0f502580789e3a6adb258f03ebe.jpg,cooccurrence,N/A (missing child or hazard box),,,false
617cN0VhTaL__SL1500__jpg.rf.af6257a2b0a1e64bb4874ce01ba9710a.jpg,cooccurrence,N/A (missing child or hazard box),,,false
617cN0VhTaL__SL1500__jpg.rf.fb1e645d6b1d2969bb10ada5581e5d9c.jpg,cooccurrence,N/A (missing child or hazard box),,,false
61bHf0ajv8L__SL1500__jpg.rf.34bf59756280258fd2e0e599ba1f51a2.jpg,cooccurrence,N/A (missing child or hazard box),,,false
61bHf0ajv8L__SL1500__jpg.rf.3aec20f5b4c8b13106765d4881dd3cc4.jpg,cooccurrence,N/A (missing child or hazard box),,,false
61bHf0ajv8L__SL1500__jpg.rf.d0b947ca281da229733f919e46b1aa20.jpg,cooccurrence,N/A (missing child or hazard box),,,false
9bfa2fed-dd74-47b7-a7c8-d69dbf98adbc_jpg.rf.0e5913bc6812216de0aa9d65c298800e.jpg,cooccurrence,safe,0.2332,unsafe,false
9bfa2fed-dd74-47b7-a7c8-d69dbf98adbc_jpg.rf.52a23914d32bd6254060abfbde348d08.jpg,cooccurrence,safe,0.2332,unsafe,false
9bfa2fed-dd74-47b7-a7c8-d69dbf98adbc_jpg.rf.feba0a660c25c156d3c11d3dbc1afde2.jpg,cooccurrence,safe,0.2332,unsafe,false
Dahle_children_safety_scissor_owl_54676_application-1024x722_jpg.rf.00deb04b00b5c7acee37f44e35f584c1.jpg,cooccurrence,safe,0.2675,unsafe,false
Dahle_children_safety_scissor_owl_54676_application-1024x722_jpg.rf.a384189cea041db6c83fcdfc621eed30.jpg,cooccurrence,safe,0.2675,unsafe,false
Dahle_children_safety_scissor_owl_54676_application-1024x722_jpg.rf.a78c93030e712487840b16c0cfd97d3a.jpg,cooccurrence,safe,0.2675,unsafe,false
F0131578-Two_children_playing_with_coins_jpg.rf.4837f537fee4d9a577221218033a6175.jpg,cooccurrence,safe,0.3847,unsafe,false
F0131578-Two_children_playing_with_coins_jpg.rf.d3fa0f81f68b7631db1965424e3724a5.jpg,cooccurrence,safe,0.3847,unsafe,false
F0131578-Two_children_playing_with_coins_jpg.rf.f0444a8613d4a2a13fb8179130bba91e.jpg,cooccurrence,safe,0.3847,unsafe,false
F0131581-A_child_playing_with_coins_jpg.rf.d14ef8e548bf4cc21fb0bb4bddbd5326.jpg,cooccurrence,safe,0.2899,unsafe,false
F0131581-A_child_playing_with_coins_jpg.rf.da7d9bc0c573ba3b52dd2ba135ca00c1.jpg,cooccurrence,safe,0.2899,unsafe,false
F0131581-A_child_playing_with_coins_jpg.rf.feb0b4e7082361be93832606ce37507f.jpg,cooccurrence,safe,0.2899,unsafe,false
F073C659-DD09-49A2-BEA7-2D9E41669B61_png.rf.4980df95f3c0b8cb9db152ac0e02a9a3.jpg,cooccurrence,safe,0.2147,unsafe,false
F073C659-DD09-49A2-BEA7-2D9E41669B61_png.rf.b061835c37272d570d076e688892480a.jpg,cooccurrence,safe,0.2147,unsafe,false
F073C659-DD09-49A2-BEA7-2D9E41669B61_png.rf.edababe8c36ef5a18c8332b7fe6c997d.jpg,cooccurrence,safe,0.2147,unsafe,false
FAA7E45A-D3A6-4EE5-89B7-84162B7FF4D0_png.rf.73605efc2f5bf95eeba31d31b018d564.jpg,cooccurrence,safe,0.2454,unsafe,false
FAA7E45A-D3A6-4EE5-89B7-84162B7FF4D0_png.rf.a6207caae7eee8e858050b4e8b7e6553.jpg,cooccurrence,safe,0.2454,unsafe,false
FAA7E45A-D3A6-4EE5-89B7-84162B7FF4D0_png.rf.d3717dcbc0e8c7059deb65a123c5a28e.jpg,cooccurrence,safe,0.2454,unsafe,false
HARVEY_2-scaled-e1622796406339_jpg.rf.8f7bb82bb29acc1373fd8ee01db1eec0.jpg,cooccurrence,safe,0.2039,unsafe,false
HARVEY_2-scaled-e1622796406339_jpg.rf.f750ee6cf821ce0c91c971f2e5763ead.jpg,cooccurrence,safe,0.2039,unsafe,false
HARVEY_2-scaled-e1622796406339_jpg.rf.f85e90c00916537f771001b681d1640e.jpg,cooccurrence,safe,0.2039,unsafe,false
HEATHER_KIDSKITCHEN_WEB-5-2048x1367_jpg.rf.6b207bf9fa822a3d2d879e5ad4384fb7.jpg,cooccurrence,safe,0.2526,unsafe,false
HEATHER_KIDSKITCHEN_WEB-5-2048x1367_jpg.rf.73fb234ddb65d4437e95ddab388650d7.jpg,cooccurrence,safe,0.2526,unsafe,false
HEATHER_KIDSKITCHEN_WEB-5-2048x1367_jpg.rf.e37194b87f47a870d7105267f8bb6959.jpg,cooccurrence,safe,0.2526,unsafe,false
IMG_9673-2-scaled_jpg.rf.08f5893b2f56abf0b82ea01a5f5f28d9.jpg,cooccurrence,safe,0.2231,unsafe,false
IMG_9673-2-scaled_jpg.rf.daada86b4ac532c71310652d09a01dc6.jpg,cooccurrence,safe,0.2231,unsafe,false
IMG_9673-2-scaled_jpg.rf.ef49590e7474feb44b104d79a294c414.jpg,cooccurrence,safe,0.2231,unsafe,false
WhatsApp-Image-2025-03-04-at-6_43_15-PM-1-_jpeg.rf.2e358665ae780f732f350fa5519d9671.jpg,cooccurrence,safe,0.2782,unsafe,false
WhatsApp-Image-2025-03-04-at-6_43_15-PM-1-_jpeg.rf.b8467e25afebd11c0538da03bdbfeb96.jpg,cooccurrence,safe,0.2782,unsafe,false
WhatsApp-Image-2025-03-04-at-6_43_15-PM-1-_jpeg.rf.d71ceef5652fb82415bc4dfbfd2c0591.jpg,cooccurrence,safe,0.2782,unsafe,false
WhatsApp-Image-2025-03-04-at-6_43_15-PM_jpeg.rf.1bda012a30adbd41c5b247b3c5a4b378.jpg,cooccurrence,safe,0.3161,unsafe,false
WhatsApp-Image-2025-03-04-at-6_43_15-PM_jpeg.rf.78b5deb014b40228092c8df2171b2c8c.jpg,cooccurrence,safe,0.3161,unsafe,false
WhatsApp-Image-2025-03-04-at-6_43_15-PM_jpeg.rf.7d9b6b1543c95cf3b11cff4ba060cf8a.jpg,cooccurrence,safe,0.3161,unsafe,false
WhatsApp-Image-2025-03-04-at-6_43_16-PM-1-_jpeg.rf.007b41f2dcbf22647f97387ce1c9562d.jpg,cooccurrence,safe,0.3346,unsafe,false
WhatsApp-Image-2025-03-04-at-6_43_16-PM-1-_jpeg.rf.0c63fc454623e198760f73eb6b4f67de.jpg,cooccurrence,safe,0.3346,unsafe,false
WhatsApp-Image-2025-03-04-at-6_43_16-PM-1-_jpeg.rf.614cbb624b5660d61caf2b71c4197ac0.jpg,cooccurrence,safe,0.3346,unsafe,false
WhatsApp-Image-2025-03-04-at-6_43_16-PM_jpeg.rf.1279a529612df28071fab4afa4b38434.jpg,cooccurrence,safe,0.3241,unsafe,false
WhatsApp-Image-2025-03-04-at-6_43_16-PM_jpeg.rf.405db2d5574016d6a9d90da038f917bb.jpg,cooccurrence,safe,0.3241,unsafe,false
WhatsApp-Image-2025-03-04-at-6_43_16-PM_jpeg.rf.9549da9d561236d401990b089d36ab27.jpg,cooccurrence,safe,0.3241,unsafe,false
WhatsApp-Image-2025-03-04-at-6_43_17-PM-1-_jpeg.rf.33af1ea3447323e6b5664e5dea50040d.jpg,cooccurrence,safe,0.3103,unsafe,false
WhatsApp-Image-2025-03-04-at-6_43_17-PM-1-_jpeg.rf.8042ce279588645883a337d8c84f6530.jpg,cooccurrence,safe,0.3103,unsafe,false
WhatsApp-Image-2025-03-04-at-6_43_17-PM-1-_jpeg.rf.b66826a4c6c1981d74bacad5cb80deca.jpg,cooccurrence,safe,0.3103,unsafe,false
WhatsApp-Image-2025-03-04-at-6_43_17-PM_jpeg.rf.0eb393bcff94c02c6b21e8c2d517b8f5.jpg,cooccurrence,safe,0.2696,unsafe,false
WhatsApp-Image-2025-03-04-at-6_43_17-PM_jpeg.rf.4995daba27ebf0c9464fc22ad208739b.jpg,cooccurrence,safe,0.2696,unsafe,false
WhatsApp-Image-2025-03-04-at-6_43_17-PM_jpeg.rf.7b0cf75456bad0d34d63e46a7cf67c1d.jpg,cooccurrence,safe,0.2696,unsafe,false
WhatsApp-Image-2025-03-04-at-6_43_18-PM-1-_jpeg.rf.55e8e5c20a51bbeb16c3a8bbbafb6c09.jpg,cooccurrence,safe,0.3698,unsafe,false
WhatsApp-Image-2025-03-04-at-6_43_18-PM-1-_jpeg.rf.b6803e5d02c9b6f44c49c12e30e9e16f.jpg,cooccurrence,safe,0.3698,unsafe,false
WhatsApp-Image-2025-03-04-at-6_43_18-PM-1-_jpeg.rf.d15a77caa829b1dd4a68c11711415820.jpg,cooccurrence,safe,0.3698,unsafe,false
WhatsApp-Image-2025-03-04-at-6_43_18-PM-2-_jpeg.rf.aec9761b623fa89227c3642a4c634a7b.jpg,cooccurrence,safe,0.2787,unsafe,false
WhatsApp-Image-2025-03-04-at-6_43_18-PM-2-_jpeg.rf.ba4d1efdc226383f5988b7c327c4ea24.jpg,cooccurrence,safe,0.2787,unsafe,false
WhatsApp-Image-2025-03-04-at-6_43_18-PM-2-_jpeg.rf.f5e8005ae3fd532bd6ef76fa4f103dbf.jpg,cooccurrence,safe,0.2787,unsafe,false
WhatsApp-Image-2025-03-04-at-6_43_18-PM_jpeg.rf.1eefcc90e19e209cdcfae1f33f8ff5a0.jpg,cooccurrence,safe,0.3817,unsafe,false
WhatsApp-Image-2025-03-04-at-6_43_18-PM_jpeg.rf.d6438a08e8775521c46fd9f07faf760c.jpg,cooccurrence,safe,0.3817,unsafe,false
WhatsApp-Image-2025-03-04-at-6_43_18-PM_jpeg.rf.d9bf632107e683d110fc86ddbeb2ee04.jpg,cooccurrence,safe,0.3817,unsafe,false
WhatsApp-Image-2025-03-04-at-6_43_21-PM-1-_jpeg.rf.0b2d2c647e49cc971035f5371be3ecb5.jpg,cooccurrence,safe,0.3826,unsafe,false
WhatsApp-Image-2025-03-04-at-6_43_21-PM-1-_jpeg.rf.2abacfb9468a377d2045983d3b47148e.jpg,cooccurrence,safe,0.3826,unsafe,false
WhatsApp-Image-2025-03-04-at-6_43_21-PM-1-_jpeg.rf.89d51fc025f3a6203d261b239eab8f34.jpg,cooccurrence,safe,0.3826,unsafe,false
WhatsApp-Image-2025-03-04-at-6_43_21-PM_jpeg.rf.5c3fb1393127f9859d2da11cb7e8583c.jpg,cooccurrence,unsafe,0.0850,unsafe,false
WhatsApp-Image-2025-03-04-at-6_43_21-PM_jpeg.rf.9a6d8600eaeda4a9efc21eeadeebf853.jpg,cooccurrence,unsafe,0.0850,unsafe,false
WhatsApp-Image-2025-03-04-at-6_43_21-PM_jpeg.rf.bdafa01a81b1f9acb715c545eab03ca0.jpg,cooccurrence,unsafe,0.0850,unsafe,false
WhatsApp-Image-2025-03-04-at-6_43_22-PM-1-_jpeg.rf.081eb17a6b6caf324b8a7fe288ebffbc.jpg,cooccurrence,safe,0.2576,unsafe,false
WhatsApp-Image-2025-03-04-at-6_43_22-PM-1-_jpeg.rf.797f709a64e8b058f6843153cb1fc2ce.jpg,cooccurrence,safe,0.2576,unsafe,false
WhatsApp-Image-2025-03-04-at-6_43_22-PM-1-_jpeg.rf.e03e8bd8101d2a875bfbe66a7e4fd798.jpg,cooccurrence,safe,0.2576,unsafe,false
WhatsApp-Image-2025-03-04-at-6_43_22-PM-2-_jpeg.rf.2bee1900a6724cb75d385e07a8b2994c.jpg,cooccurrence,safe,0.3008,unsafe,false
WhatsApp-Image-2025-03-04-at-6_43_22-PM-2-_jpeg.rf.8997aa5d1cee26fb5fe86d897f554ce8.jpg,cooccurrence,safe,0.3008,unsafe,false
WhatsApp-Image-2025-03-04-at-6_43_22-PM-2-_jpeg.rf.a83844bea5eb1491fc141973394ddd04.jpg,cooccurrence,safe,0.3008,unsafe,false
WhatsApp-Image-2025-03-04-at-6_43_22-PM_jpeg.rf.9c23483aedb524e0ed89d44bee8bb753.jpg,cooccurrence,safe,0.2607,unsafe,false
WhatsApp-Image-2025-03-04-at-6_43_22-PM_jpeg.rf.dc8d978b127aa8b8fcae6a457685e2b5.jpg,cooccurrence,safe,0.2607,unsafe,false
WhatsApp-Image-2025-03-04-at-6_43_22-PM_jpeg.rf.de0a868a0a96a3e1b438ee7d9a2eefc7.jpg,cooccurrence,safe,0.2607,unsafe,false
WhatsApp-Image-2025-03-04-at-6_43_23-PM-1-_jpeg.rf.2ae641074b255b926e1877999254a2ea.jpg,cooccurrence,safe,0.2381,unsafe,false
WhatsApp-Image-2025-03-04-at-6_43_23-PM-1-_jpeg.rf.39884a605ea777ab3740b517e9a216ed.jpg,cooccurrence,safe,0.2381,unsafe,false
WhatsApp-Image-2025-03-04-at-6_43_23-PM-1-_jpeg.rf.891685500e1bf2e354bf2190f34dc772.jpg,cooccurrence,safe,0.2381,unsafe,false
WhatsApp-Image-2025-03-04-at-6_43_23-PM-2-_jpeg.rf.4d867e573f8391a10c3580c225e566d5.jpg,cooccurrence,safe,0.3534,unsafe,false
WhatsApp-Image-2025-03-04-at-6_43_23-PM-2-_jpeg.rf.b3611f320523e0a4aca9a843c13e1eb2.jpg,cooccurrence,safe,0.3534,unsafe,false
WhatsApp-Image-2025-03-04-at-6_43_23-PM-2-_jpeg.rf.e4ba937421cdeb078b61ff9a62a9ae94.jpg,cooccurrence,safe,0.3534,unsafe,false
WhatsApp-Image-2025-03-04-at-6_43_23-PM_jpeg.rf.296fa8c4cfd3ac9bab3bd4c13b250e29.jpg,cooccurrence,safe,0.2854,unsafe,false
WhatsApp-Image-2025-03-04-at-6_43_23-PM_jpeg.rf.8442cc60584c7ec6cc7c2f454ec7ce15.jpg,cooccurrence,safe,0.2854,unsafe,false
WhatsApp-Image-2025-03-04-at-6_43_23-PM_jpeg.rf.92f5ec01f7ae6bafde9bd25b021bc040.jpg,cooccurrence,safe,0.2854,unsafe,false
WhatsApp-Image-2025-03-04-at-6_43_24-PM-1-_jpeg.rf.8a272121947a3ebb51c13238a3e10b9c.jpg,cooccurrence,safe,0.3177,unsafe,false
WhatsApp-Image-2025-03-04-at-6_43_24-PM-1-_jpeg.rf.b4ff914760dcc8be2cb3ce4376e41e62.jpg,cooccurrence,safe,0.3177,unsafe,false
WhatsApp-Image-2025-03-04-at-6_43_24-PM-1-_jpeg.rf.f501782d4a797f04d97ab62c00baafbf.jpg,cooccurrence,safe,0.3177,unsafe,false
WhatsApp-Image-2025-03-04-at-6_43_24-PM-2-_jpeg.rf.7e73dab8682cefb7400dd6008498f7a9.jpg,cooccurrence,safe,0.2471,unsafe,false
WhatsApp-Image-2025-03-04-at-6_43_24-PM-2-_jpeg.rf.9892b8b1276170c149df3e7b74267a49.jpg,cooccurrence,safe,0.2471,unsafe,false
WhatsApp-Image-2025-03-04-at-6_43_24-PM-2-_jpeg.rf.fadd96fef22398bd242108043caf91f8.jpg,cooccurrence,safe,0.2471,unsafe,false
WhatsApp-Image-2025-03-04-at-6_43_24-PM_jpeg.rf.3ef9cba81362b769e84589a65a8430ba.jpg,cooccurrence,safe,0.2530,unsafe,false
WhatsApp-Image-2025-03-04-at-6_43_24-PM_jpeg.rf.6ff5734f58428bec2ea1bf6cf8422000.jpg,cooccurrence,safe,0.2530,unsafe,false
WhatsApp-Image-2025-03-04-at-6_43_24-PM_jpeg.rf.f51b5a5b1ac6bf9b5794e547946cb8eb.jpg,cooccurrence,safe,0.2530,unsafe,false
WhatsApp-Image-2025-03-04-at-8_32_12-PM-1-_jpeg.rf.4e38ae2643aaeaede20d33e91398415c.jpg,cooccurrence,safe,0.2754,unsafe,false
WhatsApp-Image-2025-03-04-at-8_32_12-PM-1-_jpeg.rf.569a57c949fdf84c0b5e5e880ee9e97c.jpg,cooccurrence,safe,0.2754,unsafe,false
WhatsApp-Image-2025-03-04-at-8_32_12-PM-1-_jpeg.rf.87344c20db40217b88428c3e1c6dc023.jpg,cooccurrence,safe,0.2754,unsafe,false
WhatsApp-Image-2025-03-04-at-8_32_12-PM-10-_jpeg.rf.2d1699fb164e169dd87076dd114d8a46.jpg,cooccurrence,safe,0.3284,unsafe,false
WhatsApp-Image-2025-03-04-at-8_32_12-PM-10-_jpeg.rf.46c83611885ea51c2db2145cfec6ecc0.jpg,cooccurrence,safe,0.3284,unsafe,false
WhatsApp-Image-2025-03-04-at-8_32_12-PM-10-_jpeg.rf.626125c5529cf4064e1445d8957ae48c.jpg,cooccurrence,safe,0.3284,unsafe,false
WhatsApp-Image-2025-03-04-at-8_32_12-PM-11-_jpeg.rf.666f7f2980b8d7f6881f77f8a1bb32f8.jpg,cooccurrence,safe,0.3892,unsafe,true
WhatsApp-Image-2025-03-04-at-8_32_12-PM-11-_jpeg.rf.afa899dd233b75e2978ee7eee7d066b4.jpg,cooccurrence,safe,0.3892,unsafe,true
WhatsApp-Image-2025-03-04-at-8_32_12-PM-11-_jpeg.rf.e9dd691ea4ac27e757501ddd02229f60.jpg,cooccurrence,safe,0.3892,unsafe,true
WhatsApp-Image-2025-03-04-at-8_32_12-PM-12-_jpeg.rf.449377a452ea421d320f4518ac6c2070.jpg,cooccurrence,safe,0.2853,unsafe,false
WhatsApp-Image-2025-03-04-at-8_32_12-PM-12-_jpeg.rf.69c5351c868c2561f9f8eff27e5a9f00.jpg,cooccurrence,safe,0.2853,unsafe,false
WhatsApp-Image-2025-03-04-at-8_32_12-PM-12-_jpeg.rf.8c1e5beeef31d7983a179498763a7222.jpg,cooccurrence,safe,0.2853,unsafe,false
WhatsApp-Image-2025-03-04-at-8_32_12-PM-13-_jpeg.rf.4377d5a095615b2c6347589495832a19.jpg,cooccurrence,safe,0.2532,unsafe,false
WhatsApp-Image-2025-03-04-at-8_32_12-PM-13-_jpeg.rf.4ac73883c43364dea6bc2de2189a4acb.jpg,cooccurrence,safe,0.2532,unsafe,false
WhatsApp-Image-2025-03-04-at-8_32_12-PM-13-_jpeg.rf.6a3c4fd4c4185a6accdb89c485684eac.jpg,cooccurrence,safe,0.2532,unsafe,false
WhatsApp-Image-2025-03-04-at-8_32_12-PM-14-_jpeg.rf.9187ca9d6ab3a0aab8327ed2fef3548f.jpg,cooccurrence,safe,0.3645,unsafe,false
WhatsApp-Image-2025-03-04-at-8_32_12-PM-14-_jpeg.rf.aa0187fef5e56384e445ce6f2a7ef6c0.jpg,cooccurrence,safe,0.3645,unsafe,false
WhatsApp-Image-2025-03-04-at-8_32_12-PM-14-_jpeg.rf.d2940378ec2c9f3657d8cc24d860954f.jpg,cooccurrence,safe,0.3645,unsafe,false
WhatsApp-Image-2025-03-04-at-8_32_12-PM-15-_jpeg.rf.4436872ef71240a7989a8957fcc375e4.jpg,cooccurrence,safe,0.2670,unsafe,false
WhatsApp-Image-2025-03-04-at-8_32_12-PM-15-_jpeg.rf.9aaa74c46de7fcfe47fa317b8092d881.jpg,cooccurrence,safe,0.2670,unsafe,false
WhatsApp-Image-2025-03-04-at-8_32_12-PM-15-_jpeg.rf.f588d97e9140de3c864d421172020a62.jpg,cooccurrence,safe,0.2670,unsafe,false
WhatsApp-Image-2025-03-04-at-8_32_12-PM-2-_jpeg.rf.37844e200c1da30a9984734d6187dd0f.jpg,cooccurrence,safe,0.2979,unsafe,false
WhatsApp-Image-2025-03-04-at-8_32_12-PM-2-_jpeg.rf.9a0f794094018387f01e70e530ede6f4.jpg,cooccurrence,safe,0.2979,unsafe,false
WhatsApp-Image-2025-03-04-at-8_32_12-PM-2-_jpeg.rf.f07567b18ab480269f9a1f836f048615.jpg,cooccurrence,safe,0.2979,unsafe,false
WhatsApp-Image-2025-03-04-at-8_32_12-PM-3-_jpeg.rf.80e1046d4e98b86562e931a8d52f66a7.jpg,cooccurrence,safe,0.2430,unsafe,false
WhatsApp-Image-2025-03-04-at-8_32_12-PM-3-_jpeg.rf.a41ae0db9cb9aaf19b50349f749519fa.jpg,cooccurrence,safe,0.2430,unsafe,false
WhatsApp-Image-2025-03-04-at-8_32_12-PM-3-_jpeg.rf.ef9099f2d1457df98657b622296324a9.jpg,cooccurrence,safe,0.2430,unsafe,false
WhatsApp-Image-2025-03-04-at-8_32_12-PM-4-_jpeg.rf.228caabe249f74a406da51535fb1d2dc.jpg,cooccurrence,safe,0.2948,unsafe,false
WhatsApp-Image-2025-03-04-at-8_32_12-PM-4-_jpeg.rf.299a21ca88a16f04108fff3702f4ee4f.jpg,cooccurrence,safe,0.2948,unsafe,false
WhatsApp-Image-2025-03-04-at-8_32_12-PM-4-_jpeg.rf.f80650ccbfd50fcac392f59350056222.jpg,cooccurrence,safe,0.2948,unsafe,false
WhatsApp-Image-2025-03-04-at-8_32_12-PM-5-_jpeg.rf.251dea7547177b7e587b8acba5384266.jpg,cooccurrence,safe,0.3067,unsafe,false
WhatsApp-Image-2025-03-04-at-8_32_12-PM-5-_jpeg.rf.6f3ba025da095e5163a21690650a49a2.jpg,cooccurrence,safe,0.3067,unsafe,false
WhatsApp-Image-2025-03-04-at-8_32_12-PM-5-_jpeg.rf.7708cc9c92396560fbcbf04af096d411.jpg,cooccurrence,safe,0.3067,unsafe,false
WhatsApp-Image-2025-03-04-at-8_32_12-PM-6-_jpeg.rf.2031f029f2a2a954b7c16eeb5f83b599.jpg,cooccurrence,safe,0.3720,unsafe,false
WhatsApp-Image-2025-03-04-at-8_32_12-PM-6-_jpeg.rf.65c5854e37ffbc5e04e9713758bd577f.jpg,cooccurrence,safe,0.3720,unsafe,false
WhatsApp-Image-2025-03-04-at-8_32_12-PM-6-_jpeg.rf.82fbc8589a516ab64e4165e41ccb4bb5.jpg,cooccurrence,safe,0.3720,unsafe,false
WhatsApp-Image-2025-03-04-at-8_32_12-PM-7-_jpeg.rf.61d720c5fff7b630489e3740a1511b42.jpg,cooccurrence,safe,0.2426,unsafe,false
WhatsApp-Image-2025-03-04-at-8_32_12-PM-7-_jpeg.rf.7a0d758a5a19839a896b74f5b1a40d15.jpg,cooccurrence,safe,0.2426,unsafe,false
WhatsApp-Image-2025-03-04-at-8_32_12-PM-7-_jpeg.rf.d90bf91666b38e670598c54feccbb7fc.jpg,cooccurrence,safe,0.2426,unsafe,false
WhatsApp-Image-2025-03-04-at-8_32_12-PM-8-_jpeg.rf.0647474e40d368365effd774efc8571d.jpg,cooccurrence,safe,0.3359,unsafe,false
WhatsApp-Image-2025-03-04-at-8_32_12-PM-8-_jpeg.rf.505c62d10e40ff3098c13c4cc65952b8.jpg,cooccurrence,safe,0.3359,unsafe,false
WhatsApp-Image-2025-03-04-at-8_32_12-PM-8-_jpeg.rf.aa0926df79b41bc51d957f8d1fbd1ef3.jpg,cooccurrence,safe,0.3359,unsafe,false
WhatsApp-Image-2025-03-04-at-8_32_12-PM-9-_jpeg.rf.326c2afab556b7fa005d6da3be291cd4.jpg,cooccurrence,safe,0.2611,unsafe,false
WhatsApp-Image-2025-03-04-at-8_32_12-PM-9-_jpeg.rf.6f8d8d1f365b2454a5b274d6858a35cd.jpg,cooccurrence,safe,0.2611,unsafe,false
WhatsApp-Image-2025-03-04-at-8_32_12-PM-9-_jpeg.rf.c90fc9ea5e6b1bad2c8649c458aa4e4d.jpg,cooccurrence,safe,0.2611,unsafe,false
WhatsApp-Image-2025-03-04-at-8_32_12-PM_jpeg.rf.80f012b913418443554f99a5581910fb.jpg,cooccurrence,safe,0.3033,unsafe,false
WhatsApp-Image-2025-03-04-at-8_32_12-PM_jpeg.rf.b519c7d5374f7cce8081f0ee293be655.jpg,cooccurrence,safe,0.3033,unsafe,false
WhatsApp-Image-2025-03-04-at-8_32_12-PM_jpeg.rf.f6925bbf4302607a87ccf8f62fa5059c.jpg,cooccurrence,safe,0.3033,unsafe,false
a-set-of-knives-and-scissors-with-black-handle-vector-20246716_jpg.rf.b33787152366147748c711fe7b9f3137.jpg,cooccurrence,N/A (missing child or hazard box),,,false
a-set-of-knives-and-scissors-with-black-handle-vector-20246716_jpg.rf.caa502b8c1a063622fc8578b0f655ac8.jpg,cooccurrence,N/A (missing child or hazard box),,,false
a-set-of-knives-and-scissors-with-black-handle-vector-20246716_jpg.rf.d62933f96b7fd7c3ee416a37b5f47b9a.jpg,cooccurrence,N/A (missing child or hazard box),,,false
asian-little-girl-playing-dollar-coins-glass-bottle-asian-little-girl-playing-dollar-coins-glass-bottle-197548963_jpg.rf.43a54130565fa16f5dc761aeefce840c.jpg,cooccurrence,safe,0.2586,unsafe,false
asian-little-girl-playing-dollar-coins-glass-bottle-asian-little-girl-playing-dollar-coins-glass-bottle-197548963_jpg.rf.84848fc29e9b172f13d1561b33c674d8.jpg,cooccurrence,safe,0.2586,unsafe,false
asian-little-girl-playing-dollar-coins-glass-bottle-asian-little-girl-playing-dollar-coins-glass-bottle-197548963_jpg.rf.f620984a4665b60d211993822e9a3496.jpg,cooccurrence,safe,0.2586,unsafe,false
baby-coins-6108197_jpg.rf.01f01d67f5455e7bb8a591a550747d8c.jpg,cooccurrence,safe,0.3657,unsafe,false
baby-coins-6108197_jpg.rf.07008b7bd3b7f0111a65e37d3cd0b937.jpg,cooccurrence,safe,0.3657,unsafe,false
baby-coins-6108197_jpg.rf.34bc715cfefb413c311292422f423a3a.jpg,cooccurrence,safe,0.3657,unsafe,false
baby-fork-knife-eating-looking-plate-one-p-concept-funny-pea-30782092_jpg.rf.0c8bfb149646281e323b906ba50c5989.jpg,cooccurrence,safe,0.1740,unsafe,false
baby-fork-knife-eating-looking-plate-one-p-concept-funny-pea-30782092_jpg.rf.6039fd56aa0bc1d60cff934b2f32b0ab.jpg,cooccurrence,safe,0.1740,unsafe,false
baby-fork-knife-eating-looking-plate-one-p-concept-funny-pea-30782092_jpg.rf.995dc0f037050adcdd8575ca220860dd.jpg,cooccurrence,safe,0.1740,unsafe,false
baby-playing-dangerous-knife-girl-left-unattended-holds-his-mouth-35132877_jpg.rf.2da61370b3b98fa426d3b0d99bd52d0f.jpg,cooccurrence,safe,0.2062,unsafe,false
baby-playing-dangerous-knife-girl-left-unattended-holds-his-mouth-35132877_jpg.rf.5e2dc3f800737ea4785caf50e50ad2ae.jpg,cooccurrence,safe,0.2062,unsafe,false
baby-playing-dangerous-knife-girl-left-unattended-holds-his-mouth-35132877_jpg.rf.8d281995d103da365e050c2d33d14ba5.jpg,cooccurrence,safe,0.2062,unsafe,false
baby-reaching-for-a-pair-of-scissors-622274444_jpg.rf.57b4d6fe4725e75cc8f000eebc387234.jpg,cooccurrence,N/A (missing child or hazard box),,,false
baby-reaching-for-a-pair-of-scissors-622274444_jpg.rf.7fd2bfd05ddf75c7006f528f8a735376.jpg,cooccurrence,N/A (missing child or hazard box),,,false
baby-reaching-for-a-pair-of-scissors-622274444_jpg.rf.9714f8ed9df8c68cde38e0ecc1e0b3c2.jpg,cooccurrence,N/A (missing child or hazard box),,,false
baby-with-a-knife-dangerous-situation-with-the-child-2G18BE1_jpg.rf.879bf2c8abc6d80103ebe893f3599430.jpg,cooccurrence,safe,0.2523,unsafe,false
baby-with-a-knife-dangerous-situation-with-the-child-2G18BE1_jpg.rf.c19557b982aa6e48a20a3cbbba96e8fc.jpg,cooccurrence,safe,0.2523,unsafe,false
baby-with-a-knife-dangerous-situation-with-the-child-2G18BE1_jpg.rf.ce8c3be1803b04c797fd3284c790e445.jpg,cooccurrence,safe,0.2523,unsafe,false
baby-with-a-knife-dangerous-situation-with-the-child-2G18BE8_jpg.rf.01eb06aa22cf1c11a3802cf356d8cd7f.jpg,cooccurrence,safe,0.2502,unsafe,false
baby-with-a-knife-dangerous-situation-with-the-child-2G18BE8_jpg.rf.68f1aaf5919c112d7b1660ec3119abd8.jpg,cooccurrence,safe,0.2502,unsafe,false
baby-with-a-knife-dangerous-situation-with-the-child-2G18BE8_jpg.rf.ea0fbcc03a70a789db4ee99f0a29dec1.jpg,cooccurrence,safe,0.2502,unsafe,false
blond-boy-child-kid-preschooler-kitchen-knife-cutting-fruit-apple-home-happy-childhood-37038486_jpg.rf.10358f50b0d16f70f6478cf2d5c502fa.jpg,cooccurrence,safe,0.3361,unsafe,false
blond-boy-child-kid-preschooler-kitchen-knife-cutting-fruit-apple-home-happy-childhood-37038486_jpg.rf.b9a77079596cf15bf2b957b69ede22bc.jpg,cooccurrence,safe,0.3361,unsafe,false
blond-boy-child-kid-preschooler-kitchen-knife-cutting-fruit-apple-home-happy-childhood-37038486_jpg.rf.ef56b2685cec04523c9b53974bb6bd64.jpg,cooccurrence,safe,0.3361,unsafe,false
blond-boy-child-kid-preschooler-kitchen-knife-cutting-fruit-apple-home-happy-childhood-39314719_jpg.rf.184c5e37d7c1d8b1bcf47e10d59972f4.jpg,cooccurrence,safe,0.1808,unsafe,false
blond-boy-child-kid-preschooler-kitchen-knife-cutting-fruit-apple-home-happy-childhood-39314719_jpg.rf.71eb66429c6dcac8d791d4f0700658ab.jpg,cooccurrence,safe,0.1808,unsafe,false
blond-boy-child-kid-preschooler-kitchen-knife-cutting-fruit-apple-home-happy-childhood-39314719_jpg.rf.f7974dc7a02aaea3bc3f8fece9c54fad.jpg,cooccurrence,safe,0.1808,unsafe,false
child-with-knife_jpg.rf.0e73fa3a74370c73b0d90ffe1f24e558.jpg,cooccurrence,safe,0.3483,unsafe,false
child-with-knife_jpg.rf.7cfb9c98971bc9bfb7b44ce2b5911c1f.jpg,cooccurrence,safe,0.3483,unsafe,false
child-with-knife_jpg.rf.86442a730d0ef6bc451487b657b77673.jpg,cooccurrence,safe,0.3483,unsafe,false
coins_0_jpg.rf.af3c93b6a253fc57647ff889ee654db4.jpg,cooccurrence,safe,0.2644,unsafe,false
coins_0_jpg.rf.bdebb4b27065adc6db97b0a76d9e852c.jpg,cooccurrence,safe,0.2644,unsafe,false
coins_0_jpg.rf.d7c3b4a699b3afe2daf9f08e0583bff3.jpg,cooccurrence,safe,0.2644,unsafe,false
cute-asian-little-girl-playing-coins-making-stacks-money-kid-saving-future-concept-93344765_jpg.rf.5f3bd849f9f5e6c13042a5669b1af57d.jpg,cooccurrence,safe,0.2800,unsafe,false
cute-asian-little-girl-playing-coins-making-stacks-money-kid-saving-future-concept-93344765_jpg.rf.78322f69201f7097ebc0c6abce1027f8.jpg,cooccurrence,safe,0.2800,unsafe,false
cute-asian-little-girl-playing-coins-making-stacks-money-kid-saving-future-concept-93344765_jpg.rf.9a0bef98ff7ca16950fdf1910c13b674.jpg,cooccurrence,safe,0.2800,unsafe,false
cute-asian-little-girl-playing-coins-making-stacks-money-kid-saving-future-concept-93344821_jpg.rf.00f134ddddfeb4fc356e32cfdd82e3be.jpg,cooccurrence,safe,0.3438,unsafe,false
cute-asian-little-girl-playing-coins-making-stacks-money-kid-saving-future-concept-93344821_jpg.rf.7083b33791a5d0d4d98641caa553080e.jpg,cooccurrence,safe,0.3438,unsafe,false
cute-asian-little-girl-playing-coins-making-stacks-money-kid-saving-future-concept-93344821_jpg.rf.b1206edd3d8c45db59c78f9a6aeebb92.jpg,cooccurrence,safe,0.3438,unsafe,false
cute-asian-little-girl-playing-coins-making-stacks-money-kid-saving-future-concept-93515668_jpg.rf.5c114ab55fd5f0584440396544e20498.jpg,cooccurrence,N/A (missing child or hazard box),,,false
cute-asian-little-girl-playing-coins-making-stacks-money-kid-saving-future-concept-93515668_jpg.rf.bada774edd095bb2d6c548f1f68da832.jpg,cooccurrence,N/A (missing child or hazard box),,,false
cute-asian-little-girl-playing-coins-making-stacks-money-kid-saving-future-concept-93515668_jpg.rf.cd6d4e1da55599fe7e147f0e9d999613.jpg,cooccurrence,N/A (missing child or hazard box),,,false
cute-asian-little-girl-playing-coins-making-stacks-money-kid-saving-future-concept-93515677_jpg.rf.5b3c2e0b06d04b3fc52816d5ec80dce6.jpg,cooccurrence,safe,0.3772,unsafe,false
cute-asian-little-girl-playing-coins-making-stacks-money-kid-saving-future-concept-93515677_jpg.rf.6da950327aee88b67b125bdb4ec0a7b7.jpg,cooccurrence,safe,0.3772,unsafe,false
cute-asian-little-girl-playing-coins-making-stacks-money-kid-saving-future-concept-93515677_jpg.rf.e20dedb2de1d9c90800dd0b6b095532f.jpg,cooccurrence,safe,0.3772,unsafe,false
cute-asian-little-girl-playing-coins-making-stacks-money-kid-saving-future-concept-93515708_jpg.rf.7fcdda612769efc101d0532d70e66882.jpg,cooccurrence,safe,0.4797,unsafe,true
cute-asian-little-girl-playing-coins-making-stacks-money-kid-saving-future-concept-93515708_jpg.rf.93e63e93986fb061f5f7a0d7f2de98dd.jpg,cooccurrence,safe,0.4797,unsafe,true
cute-asian-little-girl-playing-coins-making-stacks-money-kid-saving-future-concept-93515708_jpg.rf.bb28ff11c3c49886d246efc1015185c5.jpg,cooccurrence,safe,0.4797,unsafe,true
d49_fsh21_6004square-1-_jpg.rf.23482ea15c0de401b6892047c6cf64a4.jpg,cooccurrence,N/A (missing child or hazard box),,,false
d49_fsh21_6004square-1-_jpg.rf.846e7f5ad99c7dba9b36ab298b9eeff6.jpg,cooccurrence,N/A (missing child or hazard box),,,false
d49_fsh21_6004square-1-_jpg.rf.dd3af820570dce803b1192adbf6d6b6b.jpg,cooccurrence,N/A (missing child or hazard box),,,false
dangerous-situation-little-baby-trying-to-get-big-kitchen-knife-little-baby-trying-to-get-big-kitchen-knife-171445561_jpg.rf.7afc521840c3eccd37f9114c39dcd228.jpg,cooccurrence,safe,0.3243,unsafe,false
dangerous-situation-little-baby-trying-to-get-big-kitchen-knife-little-baby-trying-to-get-big-kitchen-knife-171445561_jpg.rf.ae48670faaf7a7fdef1939a386d7f1b3.jpg,cooccurrence,safe,0.3243,unsafe,false
dangerous-situation-little-baby-trying-to-get-big-kitchen-knife-little-baby-trying-to-get-big-kitchen-knife-171445561_jpg.rf.ca453874b62e416ed4439e769250ac24.jpg,cooccurrence,safe,0.3243,unsafe,false
funny-baby-knife-fork-eating-food-happy-31642793_jpg.rf.09f80f0e0a50e738fb5aba486a204e07.jpg,cooccurrence,safe,0.3184,unsafe,false
funny-baby-knife-fork-eating-food-happy-31642793_jpg.rf.e8cd603e2847d65dcc9d3cb1f5e1f30b.jpg,cooccurrence,safe,0.3184,unsafe,false
funny-baby-knife-fork-eating-food-happy-31642793_jpg.rf.f74a5465970b94b97e2413457f26faf4.jpg,cooccurrence,safe,0.3184,unsafe,false
iStock-95727879_jpg.rf.71a5b07dc4be5efcc023f985524f9845.jpg,cooccurrence,unsafe,0.0636,unsafe,false
iStock-95727879_jpg.rf.7af1e58a80dd9aae161a1aaf1b22eb55.jpg,cooccurrence,unsafe,0.0636,unsafe,false
iStock-95727879_jpg.rf.d15333362640488ae8a71381291e5559.jpg,cooccurrence,unsafe,0.0636,unsafe,false
istockphoto-1480658795-612x612_jpg.rf.454c37119b4c56feed7ca9fce05df922.jpg,cooccurrence,safe,0.3847,unsafe,false
istockphoto-1480658795-612x612_jpg.rf.e5c1d73d17898fcb517f6982ba682c9e.jpg,cooccurrence,safe,0.3847,unsafe,false
istockphoto-1480658795-612x612_jpg.rf.f879979e7e60ea0b04584116bed91762.jpg,cooccurrence,safe,0.3847,unsafe,false
istockphoto-184241896-1024x1024_jpg.rf.1724843d5ba0dde6e7d838c8e19bd2a8.jpg,cooccurrence,safe,0.2384,unsafe,false
istockphoto-184241896-1024x1024_jpg.rf.31fb452ea82e8e02d205d881bb59ab8a.jpg,cooccurrence,safe,0.2384,unsafe,false
istockphoto-184241896-1024x1024_jpg.rf.ad2f1e853f2ad93bbf5647cf6597b1b0.jpg,cooccurrence,safe,0.2384,unsafe,false
istockphoto-644990738-612x612_jpg.rf.72890d53eed4f2bf2e1bc87226030fb1.jpg,cooccurrence,safe,0.3128,unsafe,false
istockphoto-644990738-612x612_jpg.rf.8d057766319d328c4706784d93fa3a7d.jpg,cooccurrence,safe,0.3128,unsafe,false
istockphoto-644990738-612x612_jpg.rf.c7457daf70270b1e6c9579a8bf8bfcb8.jpg,cooccurrence,safe,0.3128,unsafe,false
kitchen-dangers-768x402_jpg.rf.344ef393bb39bd01f186ab1af71cb98e.jpg,cooccurrence,safe,0.3552,unsafe,false
kitchen-dangers-768x402_jpg.rf.4b4f2bf33c6ac9930620f00c2d07e98e.jpg,cooccurrence,safe,0.3552,unsafe,false
kitchen-dangers-768x402_jpg.rf.5dbbba05411d8f6afbd7f148ab20efa6.jpg,cooccurrence,safe,0.3552,unsafe,false
little-african-american-boy-playing-with-knife-in-kitchen-child-in-danger-2BF90K6_jpg.rf.2c2c2fa0753309bd9f9278f2db5f2ae2.jpg,cooccurrence,safe,0.2252,unsafe,false
little-african-american-boy-playing-with-knife-in-kitchen-child-in-danger-2BF90K6_jpg.rf.a2a50d398a9c747b6727d382c68e405a.jpg,cooccurrence,safe,0.2252,unsafe,false
little-african-american-boy-playing-with-knife-in-kitchen-child-in-danger-2BF90K6_jpg.rf.e1d83354b5654ee9aaad6078697b5371.jpg,cooccurrence,safe,0.2252,unsafe,false
little-baby-playing-with-cutting-board-and-knife-on-table-child-in-danger-2BGA3W5_jpg.rf.848bea48f9e9e95473680ddd8746463b.jpg,cooccurrence,safe,0.2516,unsafe,false
little-baby-playing-with-cutting-board-and-knife-on-table-child-in-danger-2BGA3W5_jpg.rf.e48fdbaa7045f2700846cd0524648ce9.jpg,cooccurrence,safe,0.2516,unsafe,false
little-baby-playing-with-cutting-board-and-knife-on-table-child-in-danger-2BGA3W5_jpg.rf.e96cc3c71142bce7453d24faae944ad7.jpg,cooccurrence,safe,0.2516,unsafe,false
little-boy-playing-coins-photo-cute-76557473_jpg.rf.2eb5fa647dece8aa2b82b1c9cebfe676.jpg,cooccurrence,safe,0.4165,unsafe,true
little-boy-playing-coins-photo-cute-76557473_jpg.rf.87ecb39e8c49d666faa99030ccd62e5c.jpg,cooccurrence,safe,0.4165,unsafe,true
little-boy-playing-coins-photo-cute-76557473_jpg.rf.d3456be49fb5f484e5f1d27f1ba7eaa4.jpg,cooccurrence,safe,0.4165,unsafe,true
little-boy-playing-coins-photo-cute-76557559_jpg.rf.469868207f691bdb1327cde1920b7857.jpg,cooccurrence,safe,0.3492,unsafe,false
little-boy-playing-coins-photo-cute-76557559_jpg.rf.5a3e51581b769b476bc84f49764bc785.jpg,cooccurrence,safe,0.3492,unsafe,false
little-boy-playing-coins-photo-cute-76557559_jpg.rf.9fd572098d6c12b8180e8b6e99ca47db.jpg,cooccurrence,safe,0.3492,unsafe,false
little-child-holding-sharp-knife-260nw-2204986631_jpg.rf.0de74255485e65aac0b19673972d1cc9.jpg,cooccurrence,safe,0.3589,unsafe,false
little-child-holding-sharp-knife-260nw-2204986631_jpg.rf.c4fe5ff3027c552293d5f331fbe5381d.jpg,cooccurrence,safe,0.3589,unsafe,false
little-child-holding-sharp-knife-260nw-2204986631_jpg.rf.e36fc1296f9a0aeddce6fba2cb864a8b.jpg,cooccurrence,safe,0.3589,unsafe,false
little-child-reaching-knife-countertop-above-view-dangers-kitchen-little-child-reaching-knife-light-countertop-256619545_jpg.rf.197cf791e0a8942ded22c381350de841.jpg,cooccurrence,safe,0.2950,unsafe,false
little-child-reaching-knife-countertop-above-view-dangers-kitchen-little-child-reaching-knife-light-countertop-256619545_jpg.rf.4079dba8d80cc8b4917c1ab0b607eee5.jpg,cooccurrence,safe,0.2950,unsafe,false
little-child-reaching-knife-countertop-above-view-dangers-kitchen-little-child-reaching-knife-light-countertop-256619545_jpg.rf.49778c48b594bd8e62363913207bb319.jpg,cooccurrence,safe,0.2950,unsafe,false
little-girl-counting-playing-coins-142488269_jpg.rf.024ab2635fd0dd1c144ea2f7773ed0fe.jpg,cooccurrence,safe,0.2521,unsafe,false
little-girl-counting-playing-coins-142488269_jpg.rf.e1bff87093554d749afaddaeb2872394.jpg,cooccurrence,safe,0.2521,unsafe,false
little-girl-counting-playing-coins-142488269_jpg.rf.fa922436d6b85a133df947639b931e64.jpg,cooccurrence,safe,0.2521,unsafe,false
lovely-toddler-boy-scissors-cutting-paper-home-years-46582777_jpg.rf.6b80396b785f0b791031d46d320a75c0.jpg,cooccurrence,safe,0.2191,unsafe,false
lovely-toddler-boy-scissors-cutting-paper-home-years-46582777_jpg.rf.ce863596ef3637c610899d6fe4085981.jpg,cooccurrence,safe,0.2191,unsafe,false
lovely-toddler-boy-scissors-cutting-paper-home-years-46582777_jpg.rf.d21754495f3dca0593791dd52e823345.jpg,cooccurrence,safe,0.2191,unsafe,false
school-kid-putting-money-coins-clear-jar-child-counting-his-saving-young-boy-holding-coin-hands-children-learning-195486145_jpg.rf.433f5f0efe1c4be1ba97c3d68bcb9108.jpg,cooccurrence,safe,0.3904,unsafe,true
school-kid-putting-money-coins-clear-jar-child-counting-his-saving-young-boy-holding-coin-hands-children-learning-195486145_jpg.rf.b1cf155545c8cd4927f1b1c3a219b6cb.jpg,cooccurrence,safe,0.3904,unsafe,true
school-kid-putting-money-coins-clear-jar-child-counting-his-saving-young-boy-holding-coin-hands-children-learning-195486145_jpg.rf.f957e48f4c8ac0273bda5c65320259e7.jpg,cooccurrence,safe,0.3904,unsafe,true
scissorsfeatured1_jpg.rf.0d6ad62c207c261110a9836fc1ee0a9d.jpg,cooccurrence,safe,0.2137,unsafe,false
scissorsfeatured1_jpg.rf.9366671956203d7b5b7193f996337e3d.jpg,cooccurrence,safe,0.2137,unsafe,false
scissorsfeatured1_jpg.rf.e541f8a1124453cb165f3bd9bf3b265e.jpg,cooccurrence,safe,0.2137,unsafe,false
th-1-_jpg.rf.2288be1ba79971da5f4c104b090b8436.jpg,cooccurrence,safe,0.3649,unsafe,false
th-1-_jpg.rf.2fcba246367e93d25a226ed98b166f86.jpg,cooccurrence,safe,0.3649,unsafe,false
th-1-_jpg.rf.8c4e9a666bf80aebb2bb768944092c4c.jpg,cooccurrence,safe,0.3649,unsafe,false
th-10-_jpg.rf.172229c2e89694b7cf5231755c4d5573.jpg,cooccurrence,safe,0.2757,unsafe,false
th-10-_jpg.rf.9b4ec0048843d3a171b0136a6c40b7bf.jpg,cooccurrence,safe,0.2757,unsafe,false
th-10-_jpg.rf.b90ddcef12bcc042da525dc22436c5ca.jpg,cooccurrence,safe,0.2757,unsafe,false
th-11-_jpg.rf.59911b5d3fcac8dea85245a03e5e88b6.jpg,cooccurrence,safe,0.3218,unsafe,false
th-11-_jpg.rf.898977caaeecff1cb8324bed167fff61.jpg,cooccurrence,safe,0.3218,unsafe,false
th-11-_jpg.rf.9e1a659904b423d5a4480388ab4504fa.jpg,cooccurrence,safe,0.3218,unsafe,false
th-12-_jpg.rf.3000e1de5eed346f9b390eb2974363ab.jpg,cooccurrence,safe,0.1725,unsafe,false
th-12-_jpg.rf.ae17bf6195039253a890132c01114c39.jpg,cooccurrence,safe,0.1725,unsafe,false
th-12-_jpg.rf.e0c4fcf26c35bb65645feb7bd3c16a5a.jpg,cooccurrence,safe,0.1725,unsafe,false
th-13-_jpg.rf.0121a4ff1b5322497b71b32a48d7adb1.jpg,cooccurrence,safe,0.4175,unsafe,true
th-13-_jpg.rf.46cc04a45ee39b90a2cbac2821103bad.jpg,cooccurrence,safe,0.4175,unsafe,true
th-13-_jpg.rf.b427bcbae32d689c43cd27a9405f0ea9.jpg,cooccurrence,safe,0.4175,unsafe,true
th-14-_jpg.rf.1162d884041cae52da05f5c89ea64959.jpg,cooccurrence,safe,0.2989,unsafe,false
th-14-_jpg.rf.bff66c83e9bdc3d0ff281ccf4814b357.jpg,cooccurrence,safe,0.2989,unsafe,false
th-14-_jpg.rf.d31e364f66a0644c941ee66aa22194a9.jpg,cooccurrence,safe,0.2989,unsafe,false
th-2-_jpg.rf.15cec72815cd4579b0605608618ec474.jpg,cooccurrence,safe,0.2716,unsafe,false
th-2-_jpg.rf.537ec90da02a5f0f0f2796ee899097c0.jpg,cooccurrence,safe,0.2716,unsafe,false
th-2-_jpg.rf.9301d6d7141861cea80016e0bdcac8aa.jpg,cooccurrence,safe,0.2716,unsafe,false
th-3-_jpg.rf.0d80b0839b6d93910c4b9ad893fa55b6.jpg,cooccurrence,safe,0.4570,unsafe,true
th-3-_jpg.rf.7cb501424a850e24b7dd525b82074207.jpg,cooccurrence,safe,0.4570,unsafe,true
th-3-_jpg.rf.acffa73a17ceb2932717966102eb6ac7.jpg,cooccurrence,safe,0.4570,unsafe,true
th-4-_jpg.rf.74d838743e635ca5bb17024912cdb567.jpg,cooccurrence,N/A (missing child or hazard box),,,false
th-4-_jpg.rf.a6643a1a9a4b168640514d1acd76f9fe.jpg,cooccurrence,N/A (missing child or hazard box),,,false
th-4-_jpg.rf.b8fe15e67b4f94ca1c76d813fcf6f253.jpg,cooccurrence,N/A (missing child or hazard box),,,false
th-5-_jpg.rf.1c412b6ec3a8dfcb44ff2a518226b46d.jpg,cooccurrence,safe,0.3021,unsafe,false
th-5-_jpg.rf.3f8d4c2261581415cf00d3264f10fe84.jpg,cooccurrence,safe,0.3021,unsafe,false
th-5-_jpg.rf.a24187121d9615f932922c2911ec4f9c.jpg,cooccurrence,safe,0.3021,unsafe,false
th-6-_jpg.rf.14cb3209f164dc9218c547a30c8806a9.jpg,cooccurrence,safe,0.4445,unsafe,true
th-6-_jpg.rf.93d3f42d0b2123545be0b1a1b4b8b0cd.jpg,cooccurrence,safe,0.4445,unsafe,true
th-6-_jpg.rf.e6aaf12b1f3cadbcf251dd2c62a152b9.jpg,cooccurrence,safe,0.4445,unsafe,true
th-7-_jpg.rf.1985d74d99e49dfa835ccd6a0965b0ec.jpg,cooccurrence,safe,0.2298,unsafe,false
th-7-_jpg.rf.a13fc6e2bf210a87b57d7016848d8420.jpg,cooccurrence,safe,0.2298,unsafe,false
th-7-_jpg.rf.e10282f8d28cdaed84e44b25f7d1a73c.jpg,cooccurrence,safe,0.2298,unsafe,false
th-8-_jpg.rf.255fbc3f75b0bdfe13a729e80303b8da.jpg,cooccurrence,safe,0.3752,unsafe,false
th-8-_jpg.rf.8af37e4d5ff45e779758301af5219992.jpg,cooccurrence,safe,0.3752,unsafe,false
th-8-_jpg.rf.956b318d0f31df0623539bc2bf52eb41.jpg,cooccurrence,safe,0.3752,unsafe,false
th-9-_jpg.rf.2fe0af9f95f7b5683850d738b08ad20b.jpg,cooccurrence,safe,0.1799,unsafe,false
th-9-_jpg.rf.44da72b12eda74eb5e7688417bb2d3b3.jpg,cooccurrence,safe,0.1799,unsafe,false
th-9-_jpg.rf.8d2fb02f61a99b9faba4f257c6526e44.jpg,cooccurrence,safe,0.1799,unsafe,false
th_jpg.rf.3784c626f0e405192e6f93fec5bfb3eb.jpg,cooccurrence,safe,0.3882,unsafe,true
th_jpg.rf.bc15a8118e9a5fe39ca8e2214e95182b.jpg,cooccurrence,safe,0.3882,unsafe,true
th_jpg.rf.f22713b27dfb78f2861f8867a4681f9f.jpg,cooccurrence,safe,0.3882,unsafe,true
todler-playing-scissors-17723985_jpg.rf.918f54aa8920dd6d4255f7c9c8d0cb0d.jpg,cooccurrence,safe,0.3267,unsafe,false
todler-playing-scissors-17723985_jpg.rf.9dcce7c176255f775847206884210160.jpg,cooccurrence,safe,0.3267,unsafe,false
todler-playing-scissors-17723985_jpg.rf.ba2848da91361b07f5255c3ec8f8f0ec.jpg,cooccurrence,safe,0.3267,unsafe,false
year-child-standing-trying-to-get-kitchen-knife-safety-home-health-care-common-dangers-risk-kids-selective-focus-159597313_jpg.rf.27e6c27e1985b14c3a27286ef8fb560e.jpg,cooccurrence,safe,0.3349,unsafe,false
year-child-standing-trying-to-get-kitchen-knife-safety-home-health-care-common-dangers-risk-kids-selective-focus-159597313_jpg.rf.8ee796ae031a6421049199e924336036.jpg,cooccurrence,safe,0.3349,unsafe,false
year-child-standing-trying-to-get-kitchen-knife-safety-home-health-care-common-dangers-risk-kids-selective-focus-159597313_jpg.rf.f0b83d73b93da5cccc7bfcaa235375a0.jpg,cooccurrence,safe,0.3349,unsafe,false
22_jpg.rf.ad952e6f2869e1ebb09e33f67928cefe.jpg,child_only,safe (trivial),,safe,false
341_jpg.rf.19e6bdfb013a41634215b5068838b3e3.jpg,child_only,safe (trivial),,safe,false
342_jpg.rf.f94dea5892895a19788d36b531250680.jpg,child_only,safe (trivial),,safe,false
343_jpg.rf.121c155b4a16b9dc391116257d99ef6d.jpg,child_only,safe (trivial),,safe,false
344_jpg.rf.6df634b4d5baa0769c0c5f05571aef08.jpg,child_only,safe (trivial),,safe,false
345_jpg.rf.cc1e14caa491afc5f689957f686cfe27.jpg,child_only,safe (trivial),,safe,false
348_jpg.rf.9f530fe84e2525b144da5aafb0e0f067.jpg,child_only,safe (trivial),,safe,false
349_jpg.rf.debc733bd8722c15798d7110eabe9dc3.jpg,child_only,safe (trivial),,safe,false
350_jpg.rf.e50e87f1ac458a6a4fcd6e59271bb91d.jpg,child_only,safe (trivial),,safe,false
351_jpg.rf.859029006846eb1d1e59ef0edf39870e.jpg,child_only,safe (trivial),,safe,false
353_jpg.rf.8d5bc5833b4023a8d41393b7ee3dc1ef.jpg,child_only,safe (trivial),,safe,false
357_jpg.rf.111ff8f01ef3a54feae92c2dc81a1631.jpg,child_only,safe (trivial),,safe,false
358_jpg.rf.dc5e4594fba595c5ede6b40f2eb0195e.jpg,child_only,safe (trivial),,safe,false
359_jpg.rf.c56b2b7987de74479641349f7ac108dc.jpg,child_only,safe (trivial),,safe,false
360_jpg.rf.9bd1d27f92082136a682a5b968a57563.jpg,child_only,safe (trivial),,safe,false
362_jpg.rf.1b5272361f7b6330da368b6823e0533c.jpg,child_only,safe (trivial),,safe,false
363_jpg.rf.9d545df7e9762e817c8d2f7643886fc9.jpg,child_only,safe (trivial),,safe,false
364_jpg.rf.b1e8cf4cf1652c945e2c4c2c821b278b.jpg,child_only,safe (trivial),,safe,false
365_jpg.rf.bdc889e8db9e819275fe3b55a6f35961.jpg,child_only,safe (trivial),,safe,false
366_jpg.rf.2dfd8338ef6cd76f3cd5f78495efc245.jpg,child_only,safe (trivial),,safe,false
370_jpg.rf.f0225bfc5c0c5e87ae3f33b914221897.jpg,child_only,safe (trivial),,safe,false
371_jpg.rf.1f6b77d7d32aa387e33564f83dd00f5b.jpg,child_only,safe (trivial),,safe,false
372_jpg.rf.88513e8d48b0bb098ad8cc68c54f68d6.jpg,child_only,safe (trivial),,safe,false
374_jpg.rf.42f634090dec63c7a6eac4f459cbc95d.jpg,child_only,safe (trivial),,safe,false
376_jpg.rf.72706544d5b148ab153b0ab95bd44e91.jpg,child_only,safe (trivial),,safe,false
387_jpg.rf.5ad60c0771b1939963abe8840e2bee20.jpg,child_only,safe (trivial),,safe,false
388_jpg.rf.8f3c6b2d219cf0a6941eaebfa26c6285.jpg,child_only,safe (trivial),,safe,false
389_jpg.rf.e83e00f8cb53e740e24f0ac0f6ce4786.jpg,child_only,safe (trivial),,safe,false
390_jpg.rf.e55ec65b2272affe45d9a3596ac22796.jpg,child_only,safe (trivial),,safe,false
391_jpg.rf.5384786dd9dc4eae84b5247398dd1332.jpg,child_only,safe (trivial),,safe,false
392_jpg.rf.f154ec4878587af6fc93adc812b86e99.jpg,child_only,safe (trivial),,safe,false
393_jpg.rf.76dd04ef9d90742f2f6f2e462e405025.jpg,child_only,safe (trivial),,safe,false
394_jpg.rf.7cef9aa98ddfcf310e4d9f369c8343db.jpg,child_only,safe (trivial),,safe,false
395_jpg.rf.f261267e7b437d76d6dc71311d6217a6.jpg,child_only,safe (trivial),,safe,false
396_jpg.rf.06d8f1d960ba02407e4f19926b97e366.jpg,child_only,safe (trivial),,safe,false
397_jpg.rf.066f1fba5c38aecc504f920388f2e136.jpg,child_only,safe (trivial),,safe,false
399_jpg.rf.2ade357d1cf7f5e09c52c77d3beb47da.jpg,child_only,safe (trivial),,safe,false
400_jpg.rf.0bc728669d28e282a5b58f5f0c37e476.jpg,child_only,safe (trivial),,safe,false
401_jpg.rf.3b34e1f6d1819252c871ceb97c3819bc.jpg,child_only,safe (trivial),,safe,false
402_jpg.rf.581c56c1a9d13cdf25d6a1bd685375eb.jpg,child_only,safe (trivial),,safe,false
403_jpg.rf.f5c9f9f86e3d46e32fa43201c079e9cc.jpg,child_only,safe (trivial),,safe,false
405_jpg.rf.8c2829d52859eaf2c205b491c079f81a.jpg,child_only,safe (trivial),,safe,false
406_jpg.rf.b7eaab7af73c4a19484b13a409d69be6.jpg,child_only,safe (trivial),,safe,false
407_jpg.rf.c40b230fa8ab1c87731be86b1c9c70e6.jpg,child_only,safe (trivial),,safe,false
408_jpg.rf.ab634af48880fe409a7e27c5648d4f5c.jpg,child_only,safe (trivial),,safe,false
410_jpg.rf.6b8f460f6e71234db3120e260ac2646d.jpg,child_only,safe (trivial),,safe,false
411_jpg.rf.e45c5d5485f0f8459227378daf4db240.jpg,child_only,safe (trivial),,safe,false
412_jpg.rf.2893d1056ee2a5baeff16354eb29862e.jpg,child_only,safe (trivial),,safe,false
413_jpg.rf.f326ad76b52927eba6cdde12954bcad0.jpg,child_only,safe (trivial),,safe,false
414_jpg.rf.0bf89a3f01ec412031cca89620fef5dc.jpg,child_only,safe (trivial),,safe,false
415_jpg.rf.f5adcd4feb6c1af1fa03335d29331555.jpg,child_only,safe (trivial),,safe,false
416_jpg.rf.b8c52067c0645ee1e0d526711c0003d5.jpg,child_only,safe (trivial),,safe,false
417_jpg.rf.61c350a44cda466f0b71ffaef180c776.jpg,child_only,safe (trivial),,safe,false
418_jpg.rf.3c814065383eed82314a4db5b9c14872.jpg,child_only,safe (trivial),,safe,false
419_jpg.rf.6e9fc895921702eb92ec95806c607156.jpg,child_only,safe (trivial),,safe,false
421_jpg.rf.a6caa07b0554f4ac9c4cd4ccc506490d.jpg,child_only,safe (trivial),,safe,false
422_jpg.rf.487c8e12ac0beb15a45f13657a58f7c5.jpg,child_only,safe (trivial),,safe,false
423_jpg.rf.d9aa0142dac5c633d4153036eb702dca.jpg,child_only,safe (trivial),,safe,false
425_jpg.rf.57410e2671f4aff8b1ea745e668dfc3b.jpg,child_only,safe (trivial),,safe,false
426_jpg.rf.c7dbbf78f5debc8f1d3efc1d6ff46caf.jpg,child_only,safe (trivial),,safe,false
428_jpg.rf.da6496f1cb5d9a661343c0dce72e14a9.jpg,child_only,safe (trivial),,safe,false
429_jpg.rf.62567a3342d015458bcf30ca5e0bf02b.jpg,child_only,safe (trivial),,safe,false
430_jpg.rf.3358d0a1961d88e5c578bb8c59921bbd.jpg,child_only,safe (trivial),,safe,false
431_jpg.rf.cdccd1ca7e7f2eff4f00e563a1930eff.jpg,child_only,safe (trivial),,safe,false
432_jpg.rf.ca2977a6de8680d90832d9ec4b70abbd.jpg,child_only,safe (trivial),,safe,false
433_jpg.rf.7f7118f7f859c9e6786f128ddcda0209.jpg,child_only,safe (trivial),,safe,false
434_jpg.rf.fead4cab4996e5baede7ad84b9932e7f.jpg,child_only,safe (trivial),,safe,false
435_jpg.rf.550e3b72283262e01fb5ec9806666a74.jpg,child_only,safe (trivial),,safe,false
436_jpg.rf.b730d35a70dd4946132c26540148f455.jpg,child_only,safe (trivial),,safe,false
437_jpg.rf.3798549eeb2997eebb60885631b6b529.jpg,child_only,safe (trivial),,safe,false
438_jpg.rf.0beeebe923e1134ebd7f7745c77e04ca.jpg,child_only,safe (trivial),,safe,false
439_jpg.rf.017943b49f74c5a756c4e090669650db.jpg,child_only,safe (trivial),,safe,false
440_jpg.rf.6135724faf0dc7b64419115eb665b0d9.jpg,child_only,safe (trivial),,safe,false
442_jpg.rf.c92f78c2536b89142114a7f21c1decf8.jpg,child_only,safe (trivial),,safe,false
443_jpg.rf.47749325635bbd7e3c36d0e32c0c0e36.jpg,child_only,safe (trivial),,safe,false
444_jpg.rf.0cca17dc436b87c178c44797fa849b21.jpg,child_only,safe (trivial),,safe,false
445_jpg.rf.dcc0954a1993e3f0c2e53d2ea3529cc4.jpg,child_only,safe (trivial),,safe,false
446_jpg.rf.46356d856eec6660e9651bf515710ddc.jpg,child_only,safe (trivial),,safe,false
447_jpg.rf.3d25afb7b6b99c1524aed72109e84cbd.jpg,child_only,safe (trivial),,safe,false
448_jpg.rf.e6f4198974b6008a79795facb88a0158.jpg,child_only,safe (trivial),,safe,false
449_jpg.rf.ccaaa0af706d3622d0c14765009f08ec.jpg,child_only,safe (trivial),,safe,false
450_jpg.rf.78db1ef1e48b1b2ebd2fd36b23d8e892.jpg,child_only,safe (trivial),,safe,false
q_jpg.rf.0944401b07bfa6d94fa2d0319d86ebd3.jpg,child_only,safe (trivial),,safe,false
qqq_jpg.rf.2149f0b0432081c23cd44be531444928.jpg,child_only,safe (trivial),,safe,false
qqqqq_jpg.rf.54f327d1fb1f9a069381cc927e8ae0bb.jpg,child_only,safe (trivial),,safe,false
346_jpg.rf.7ee333d975d77031b35f8fc0476e1e8e.jpg,child_only,safe (trivial),,safe,false
355_jpg.rf.aec9a93a6138bbab4a6f9e858af62190.jpg,child_only,safe (trivial),,safe,false
398_jpg.rf.7cf1d39cccdfd6fd853983f2abd48267.jpg,child_only,safe (trivial),,safe,false
404_jpg.rf.9b95caf9f7451a921164c0695d29e887.jpg,child_only,safe (trivial),,safe,false
409_jpg.rf.1be1f53eee9db5e2914e07737d3153ec.jpg,child_only,safe (trivial),,safe,false
424_jpg.rf.fc73f6ed681a7615fad9d04a99c49a24.jpg,child_only,safe (trivial),,safe,false
427_jpg.rf.76b6a13c1b8664d5777a3e788ee67ae3.jpg,child_only,safe (trivial),,safe,false
qq_jpg.rf.79dbcec8ef9298edb381dd1098db6d6f.jpg,child_only,safe (trivial),,safe,false
qqqqqqq_jpg.rf.521cf8f38910eb8406194d3c8df03d6f.jpg,child_only,safe (trivial),,safe,false
qqqqqqqq_jpg.rf.2d27a3049312f44c938d2828f4ff63ae.jpg,child_only,safe (trivial),,safe,false
373_jpg.rf.8bc2d509e7a4eb76bb2e65b9c956e4e2.jpg,child_only,safe (trivial),,safe,false
420_jpg.rf.bcd4e11a145c7eaa241217317c99e757.jpg,child_only,safe (trivial),,safe,false
441_jpg.rf.4ca87d88ce88de1b231b7d3a87cb7d79.jpg,child_only,safe (trivial),,safe,false
qqqq_jpg.rf.31ea881b34f3d0bb7ccee8862e95e601.jpg,child_only,safe (trivial),,safe,false
qqqqqq_jpg.rf.dac3e025d5010ea3931060b405c96358.jpg,child_only,safe (trivial),,safe,false
